"model","RMSE","R2"
"lm",1.07508959366835,0.260509077818484
"xgboost",1.15587269327691,0.144696977433724
