"model","RMSE","R2"
"lm",1.07549136371654,0.259944184745095
"xgboost",1.15764198076052,0.142300321082505
